Gene1	Gene2	EdgeWeight
g7	g1	0.03125
g1	g2	0.02469
g3	g4	0.02
g5	g6	0.01652
g2	g3	0.013880000000000002
g4	g5	0.01183
g7	g5	0.0102
g1	g3	0.008879999999999999
g7	g2	0.007809999999999999
g7	g6	0.00692
g1	g4	0.00617
g3	g2	0.00554
g5	g7	0.005
