Gene1	Gene2	EdgeWeight
g1	g2	0.04081
g4	g5	0.03125
g5	g1	0.02469
g3	g4	0.02
g5	g4	0.01652
g5	g6	0.013880000000000002
g5	g2	0.01183
g2	g6	0.0102
g1	g6	0.008879999999999999
g4	g1	0.007809999999999999
g2	g4	0.00692
g1	g3	0.00617
g6	g5	0.00554
g3	g5	0.005
g5	g3	0.004529999999999999
