Gene1	Gene2	EdgeWeight
g7	g4	0.03125
g7	g6	0.02469
g2	g1	0.02
g1	g6	0.01652
g4	g5	0.013880000000000002
g3	g4	0.01183
g6	g4	0.0102
g2	g3	0.008879999999999999
g5	g6	0.007809999999999999
g1	g2	0.00692
g7	g1	0.00617
g1	g5	0.00554
g2	g6	0.005
g7	g5	0.004529999999999999
g7	g2	0.00413
g4	g3	0.0037799999999999995
g5	g3	0.0034700000000000004
g1	g4	0.0032
g4	g6	0.00295
g5	g1	0.00274
