Gene1	Gene2	EdgeWeight
g1	g3	0.03125
g5	g6	0.02469
g4	g5	0.02
g3	g4	0.01652
g6	g7	0.013880000000000002
g7	g2	0.01183
g2	g3	0.0102
g7	g1	0.008879999999999999
g6	g2	0.007809999999999999
g7	g4	0.00692
g5	g7	0.00617
