Gene1	Gene2	EdgeWeight
g3	g4	0.03125
g1	g5	0.02469
g2	g3	0.02
g1	g4	0.01652
g4	g5	0.013880000000000002
g5	g6	0.01183
