Gene1	Gene2	EdgeWeight
g2	g3	0.125
g3	g4	0.08
g4	g5	0.05555
g6	g7	0.03125
g5	g6	0.02469
g1	g2	0.02
g6	g5	0.013880000000000002
g1	g3	0.008879999999999999
g4	g3	0.007809999999999999
g7	g2	0.00692
g2	g4	0.00617
g3	g2	0.00554
g5	g1	0.005
