Gene1	Gene2	EdgeWeight
g2	g3	0.03125
g1	g2	0.02469
g3	g4	0.02
g6	g7	0.01652
g4	g5	0.013880000000000002
g5	g6	0.01183
g7	g1	0.0102
g7	g4	0.008879999999999999
g7	g3	0.007809999999999999
g4	g6	0.00692
g5	g7	0.00617
