Gene1	Gene2	EdgeWeight
Emx2	Coup	2.0
Emx2	Sp8	0.5
Pax6	Sp8	0.05555
Emx2	Fgf8	0.05555
Coup	Emx2	0.04081
Emx2	Pax6	0.04081
Coup	Sp8	0.03125
Fgf8	Coup	0.02469
Coup	Pax6	0.02
Sp8	Emx2	0.02
Coup	Fgf8	0.01652
Fgf8	Emx2	0.01652
Pax6	Fgf8	0.013880000000000002
Sp8	Coup	0.013880000000000002
Sp8	Pax6	0.0102
Sp8	Pax6	0.0102
Pax6	Coup	0.008879999999999999
Sp8	Fgf8	0.007809999999999999
Fgf8	Pax6	0.007809999999999999
Fgf8	Sp8	0.00617
Pax6	Emx2	0.00413
