Gene1	Gene2	EdgeWeight
g5	g1	0.04081
g3	g4	0.03125
g1	g6	0.02469
g4	g5	0.02
g1	g2	0.01652
g5	g6	0.013880000000000002
g2	g3	0.01183
g3	g6	0.0102
g5	g2	0.008879999999999999
g1	g3	0.007809999999999999
g3	g5	0.00692
g3	g1	0.00617
