Gene1	Gene2	EdgeWeight
g2	g3	0.125
g3	g4	0.04081
g5	g6	0.03125
g4	g5	0.02469
g6	g7	0.02
g7	g6	0.01652
g1	g2	0.0102
g4	g3	0.008879999999999999
g6	g5	0.007809999999999999
g6	g1	0.00692
g7	g5	0.00617
g5	g4	0.00554
g2	g4	0.005
