Gene1	Gene2	EdgeWeight
g2	g3	0.03125
g1	g2	0.02469
g5	g6	0.02
g3	g4	0.01652
g4	g5	0.013880000000000002
g1	g5	0.01183
g4	g3	0.0102
