Gene1	Gene2	EdgeWeight
g3	g4	0.5
g2	g3	0.125
g4	g5	0.05555
g5	g6	0.04081
g7	g6	0.03125
g6	g7	0.02
g6	g5	0.01183
g1	g2	0.008879999999999999
g4	g3	0.007809999999999999
g2	g4	0.00692
g6	g1	0.00617
g6	g2	0.00554
g3	g2	0.005
g5	g2	0.004529999999999999
g7	g4	0.00413
g3	g1	0.0037799999999999995
