Gene1	Gene2	EdgeWeight
g1	g1	1.0
g4	g3	1.0
g3	g3	1.0
g6	g1	1.0
g5	g4	1.0
g3	g4	1.0
g4	g4	1.0
g6	g4	1.0
g1	g5	1.0
g6	g5	1.0
g5	g5	1.0
g3	g6	1.0
g2	g5	1.0
g6	g6	1.0
g1	g6	1.0
g2	g1	1.0
g5	g1	1.0
g4	g2	1.0
g3	g2	1.0
g6	g3	1.0
g2	g4	0.9999520000000001
g1	g3	0.980109
g4	g5	0.9627399999999999
g5	g3	0.700256
g4	g6	0.548058
g3	g5	0.366894
g3	g1	0.24980500000000003
g2	g6	0.169471
g4	g1	0.15079800000000002
g1	g4	0.097059
g2	g3	0.093566
g5	g6	0.066964
g1	g2	0.0
g6	g2	0.0
g5	g2	0.0
