Gene1	Gene2	EdgeWeight
g1	g1	1.0
g6	g4	1.0
g6	g2	1.0
g2	g5	1.0
g5	g5	1.0
g3	g3	1.0
g4	g3	1.0
g6	g3	1.0
g6	g1	1.0
g5	g4	1.0
g3	g4	1.0
g4	g4	1.0
g2	g2	1.0
g5	g1	1.0
g6	g6	1.0
g1	g6	1.0
g2	g1	1.0
g3	g6	0.999999
g6	g5	0.999949
g3	g2	0.999351
g5	g2	0.99926
g1	g5	0.999244
g4	g2	0.996425
g2	g4	0.994762
g3	g1	0.984928
g4	g5	0.88445
g4	g6	0.803106
g1	g3	0.5130399999999999
g5	g3	0.296794
g3	g5	0.151775
g2	g6	0.151562
g5	g6	0.1063
g4	g1	0.09654299999999999
g1	g4	0.094519
g2	g3	0.078041
g1	g2	0.0
