Gene1	Gene2	EdgeWeight
g3	g4	0.5
g1	g6	0.22221999999999997
g5	g1	0.125
g1	g2	0.08
g4	g5	0.03125
g5	g2	0.02
g1	g3	0.01652
g5	g4	0.01183
g5	g3	0.0102
g3	g5	0.008879999999999999
g4	g1	0.007809999999999999
g5	g6	0.00692
g2	g6	0.00617
g6	g5	0.00554
g3	g6	0.005
g6	g2	0.004529999999999999
g4	g3	0.0037799999999999995
g3	g1	0.0034700000000000004
