Gene1	Gene2	EdgeWeight
Emx2	Pax6	2.0
Fgf8	Pax6	2.0
Emx2	Sp8	0.5
Fgf8	Sp8	0.5
Emx2	Coup	0.22221999999999997
Coup	Pax6	0.125
Fgf8	Coup	0.125
Emx2	Fgf8	0.08
Pax6	Fgf8	0.08
Coup	Sp8	0.05555
Sp8	Coup	0.03125
Coup	Fgf8	0.02469
Pax6	Coup	0.02469
Pax6	Emx2	0.02
Pax6	Sp8	0.01652
Sp8	Pax6	0.01183
Sp8	Pax6	0.01183
Sp8	Fgf8	0.00692
Sp8	Emx2	0.00692
Fgf8	Emx2	0.00554
Coup	Emx2	0.005
