Gene1	Gene2	EdgeWeight
g7	g8	0.01652
g7	g6	0.013880000000000002
