Gene1	Gene2	EdgeWeight
Fgf8	Coup	2.0
Emx2	Sp8	2.0
Emx2	Fgf8	0.5
Sp8	Coup	0.5
Emx2	Coup	0.22221999999999997
Coup	Sp8	0.125
Coup	Pax6	0.08
Sp8	Pax6	0.05555
Pax6	Fgf8	0.04081
Coup	Emx2	0.02469
Fgf8	Sp8	0.02
Pax6	Sp8	0.01652
Emx2	Pax6	0.013880000000000002
Pax6	Emx2	0.01183
Sp8	Fgf8	0.0102
Coup	Fgf8	0.00692
Sp8	Emx2	0.00617
Fgf8	Pax6	0.00617
Fgf8	Emx2	0.00554
Pax6	Coup	0.00554
