Gene1	Gene2	EdgeWeight
Emx2	Pax6	2.0
Fgf8	Coup	2.0
Pax6	Emx2	0.5
Emx2	Sp8	0.5
Emx2	Coup	0.22221999999999997
Sp8	Coup	0.22221999999999997
Pax6	Sp8	0.125
Fgf8	Sp8	0.08
Fgf8	Sp8	0.08
Emx2	Fgf8	0.03125
Coup	Emx2	0.03125
Coup	Sp8	0.02469
Fgf8	Pax6	0.02469
Coup	Pax6	0.01652
Fgf8	Emx2	0.013880000000000002
Pax6	Fgf8	0.01183
Pax6	Fgf8	0.01183
Coup	Fgf8	0.0102
Sp8	Emx2	0.008879999999999999
Pax6	Coup	0.008879999999999999
Sp8	Pax6	0.00554
Sp8	Fgf8	0.004529999999999999
Sp8	Fgf8	0.004529999999999999
