,Jaccard Median,Jaccard MAD
GENIE3,1.0,0.11621467682506102
GRISLI,0.75,0.13155649506026054
GRNBOOST2,0.75,0.10232263178755491
GRNVBEM,0.9090909090909091,0.1126179218529595
LEAP,1.0,0.11505526930021605
PIDC,0.6,0.19822327916501561
PPCOR,1.0,0.19933941075439324
SCINGE,0.4444444444444444,0.20422057624118595
SCNS,0.5833333333333334,0.25212894325530877
SCODE,0.5555555555555556,0.19744598848839814
SCRIBE,0.5555555555555556,0.12859259259259218
SINCERITIES,0.5555555555555556,0.1739098796126152
