Gene1	Gene2	EdgeWeight
g7	g4	2.0
g7	g6	0.5
g4	g1	0.22221999999999997
g4	g8	0.08
g2	g3	0.05555
g6	g7	0.05555
g1	g2	0.04081
g7	g1	0.02469
g3	g4	0.02
g7	g2	0.02
g3	g6	0.01652
g3	g6	0.01652
g8	g2	0.013880000000000002
g6	g1	0.0102
g1	g4	0.008879999999999999
g7	g8	0.007809999999999999
g8	g1	0.00692
g1	g6	0.00617
g6	g3	0.00554
g4	g2	0.005
g1	g3	0.004529999999999999
g4	g7	0.004529999999999999
g8	g4	0.00413
g1	g8	0.0037799999999999995
g3	g2	0.0037799999999999995
g4	g3	0.0032
g3	g8	0.00274
g6	g8	0.00237
