Gene1	Gene2	EdgeWeight
Emx2	Coup	2.0
Fgf8	Pax6	2.0
Emx2	Sp8	0.5
Fgf8	Sp8	0.5
Pax6	Coup	0.22221999999999997
Coup	Pax6	0.22221999999999997
Emx2	Fgf8	0.125
Pax6	Fgf8	0.08
Pax6	Fgf8	0.08
Coup	Fgf8	0.02469
Fgf8	Coup	0.02469
Fgf8	Emx2	0.02
Coup	Sp8	0.01652
Sp8	Coup	0.01652
Emx2	Pax6	0.01183
Sp8	Pax6	0.01183
Pax6	Sp8	0.0102
Coup	Emx2	0.007809999999999999
Pax6	Emx2	0.00554
Sp8	Fgf8	0.005
Sp8	Fgf8	0.005
Sp8	Emx2	0.0037799999999999995
