Gene1	Gene2	EdgeWeight
Emx2	Fgf8	2.0
Pax6	Emx2	2.0
Sp8	Coup	0.5
Emx2	Pax6	0.5
Emx2	Coup	0.22221999999999997
Fgf8	Coup	0.125
Emx2	Sp8	0.125
Pax6	Sp8	0.08
Fgf8	Sp8	0.08
Coup	Emx2	0.05555
Coup	Pax6	0.03125
Coup	Sp8	0.02469
Pax6	Fgf8	0.02469
Fgf8	Pax6	0.02
Fgf8	Pax6	0.02
Coup	Fgf8	0.01183
Coup	Fgf8	0.01183
Fgf8	Emx2	0.008879999999999999
Sp8	Fgf8	0.007809999999999999
Pax6	Coup	0.00617
Sp8	Pax6	0.00554
Sp8	Emx2	0.005
