Gene1	Gene2	EdgeWeight
g5	g1	2.0
g1	g6	0.22221999999999997
g1	g2	0.125
g3	g4	0.08
g1	g3	0.03125
g5	g6	0.02469
g5	g2	0.02
g4	g5	0.01652
g3	g5	0.008879999999999999
g2	g4	0.007809999999999999
g5	g4	0.00692
g2	g3	0.00617
g6	g5	0.00554
g5	g3	0.005
g2	g1	0.004529999999999999
g3	g1	0.00413
g6	g1	0.0037799999999999995
g4	g1	0.0034700000000000004
