Gene1	Gene2	EdgeWeight
Fgf8	Pax6	2.0
Emx2	Sp8	2.0
Fgf8	Coup	0.5
Emx2	Pax6	0.5
Coup	Sp8	0.22221999999999997
Sp8	Coup	0.125
Fgf8	Sp8	0.05555
Fgf8	Emx2	0.04081
Emx2	Coup	0.04081
Pax6	Emx2	0.03125
Coup	Pax6	0.03125
Pax6	Fgf8	0.02469
Pax6	Coup	0.02
Emx2	Fgf8	0.01652
Pax6	Sp8	0.013880000000000002
Pax6	Sp8	0.013880000000000002
Sp8	Emx2	0.0102
Sp8	Pax6	0.007809999999999999
Coup	Fgf8	0.00692
Sp8	Fgf8	0.005
Sp8	Fgf8	0.005
Coup	Emx2	0.004529999999999999
