Gene1	Gene2	EdgeWeight
g3	g4	0.04081
g4	g5	0.03125
g2	g3	0.02469
g5	g6	0.01652
g6	g7	0.013880000000000002
g4	g3	0.01183
g5	g4	0.0102
g6	g5	0.008879999999999999
g7	g3	0.007809999999999999
g6	g1	0.00692
g5	g7	0.00617
