Gene1	Gene2	EdgeWeight
g1	g1	1.0
g4	g3	1.0
g3	g3	1.0
g6	g1	1.0
g5	g4	1.0
g3	g4	1.0
g4	g4	1.0
g6	g4	1.0
g1	g5	1.0
g6	g5	1.0
g5	g5	1.0
g2	g5	1.0
g6	g6	1.0
g1	g6	1.0
g2	g1	1.0
g5	g1	1.0
g4	g2	1.0
g6	g3	1.0
g3	g6	0.9999969999999999
g3	g2	0.999965
g2	g4	0.999919
g1	g3	0.9995379999999999
g5	g3	0.995025
g4	g6	0.993275
g4	g5	0.656831
g3	g5	0.41388
g2	g6	0.183265
g3	g1	0.13111
g2	g3	0.08751
g5	g6	0.08454
g1	g4	0.067105
g4	g1	0.04777
g1	g2	0.0
g6	g2	0.0
g5	g2	0.0
