Gene1	Gene2	EdgeWeight
g1	g1	1.0
g3	g4	1.0
g5	g2	1.0
g4	g2	1.0
g6	g2	1.0
g2	g5	1.0
g5	g5	1.0
g6	g5	1.0
g1	g5	1.0
g3	g3	1.0
g4	g3	1.0
g6	g3	1.0
g6	g1	1.0
g5	g4	1.0
g2	g2	1.0
g4	g4	1.0
g3	g6	1.0
g5	g1	1.0
g2	g1	1.0
g1	g6	1.0
g6	g4	1.0
g6	g6	1.0
g3	g2	0.9999870000000001
g2	g4	0.998935
g4	g6	0.9981399999999999
g4	g5	0.9918170000000001
g1	g3	0.494691
g2	g6	0.22608499999999998
g5	g3	0.160461
g5	g6	0.158583
g1	g4	0.133608
g3	g5	0.104453
g2	g3	0.097278
g3	g1	0.090771
g4	g1	0.048786
g1	g2	0.0
