Gene1	Gene2	EdgeWeight
g2	g3	0.22221999999999997
g4	g5	0.125
g7	g6	0.08
g3	g4	0.05555
g6	g7	0.04081
g5	g6	0.02469
g1	g3	0.01183
g7	g5	0.0102
g5	g4	0.007809999999999999
g1	g2	0.00692
g1	g4	0.00617
g3	g2	0.00554
