Gene1	Gene2	EdgeWeight
Fgf8	Coup	2.0
Emx2	Fgf8	2.0
Sp8	Coup	0.5
Emx2	Pax6	0.5
Emx2	Sp8	0.22221999999999997
Coup	Pax6	0.125
Coup	Sp8	0.08
Sp8	Pax6	0.05555
Pax6	Sp8	0.04081
Pax6	Fgf8	0.03125
Fgf8	Sp8	0.02
Fgf8	Emx2	0.01652
Emx2	Coup	0.01652
Fgf8	Pax6	0.013880000000000002
Sp8	Emx2	0.013880000000000002
Pax6	Emx2	0.01183
Coup	Emx2	0.008879999999999999
Sp8	Fgf8	0.007809999999999999
Pax6	Coup	0.005
Coup	Fgf8	0.004529999999999999
Coup	Fgf8	0.004529999999999999
