,Median EPR Activation,Median EPR Inhibition
GENIE3,0.0,0.6
GRISLI,0.0,0.4
GRNBOOST2,0.0,0.7333333333333333
GRNVBEM,0.0,0.155
LEAP,0.0,0.26666666666666666
PIDC,0.0,0.5
PPCOR,0.0,0.4375
SCINGE,0.0,0.26666666666666666
SCNS,0.0,0.35294117647058826
SCODE,0.0,0.4
SCRIBE,0.0,0.16666666666666669
SINCERITIES,0.0,0.26666666666666666
