Gene1	Gene2	EdgeWeight
g3	g4	0.04081
g2	g6	0.03125
g5	g1	0.02469
g1	g2	0.02
g1	g6	0.01652
g4	g5	0.013880000000000002
g2	g3	0.01183
g2	g5	0.0102
g5	g2	0.008879999999999999
g1	g3	0.007809999999999999
g4	g1	0.00692
g5	g6	0.00617
g4	g2	0.00554
g5	g4	0.005
g5	g3	0.004529999999999999
g3	g5	0.00413
g6	g4	0.0037799999999999995
g1	g5	0.0034700000000000004
g6	g3	0.0032
g2	g1	0.00295
