Gene1	Gene2	EdgeWeight
g1	g1	1.0
g3	g3	1.0
g6	g3	1.0
g1	g5	1.0
g6	g1	1.0
g5	g4	1.0
g3	g4	1.0
g4	g4	1.0
g6	g4	1.0
g6	g5	1.0
g5	g5	1.0
g3	g6	1.0
g2	g5	1.0
g6	g6	1.0
g1	g6	1.0
g2	g1	1.0
g5	g1	1.0
g4	g2	1.0
g4	g3	1.0
g3	g2	0.999999
g4	g5	0.999977
g2	g4	0.9998469999999999
g4	g6	0.999816
g3	g5	0.8771110000000001
g1	g3	0.842108
g5	g3	0.3733
g3	g1	0.24903899999999998
g1	g4	0.12797999999999998
g2	g6	0.099089
g2	g3	0.074357
g5	g6	0.061610000000000005
g4	g1	0.058338
g1	g2	0.0
g6	g2	0.0
g5	g2	0.0
