Gene1	Gene2	EdgeWeight
g5	g6	0.03125
g3	g4	0.02469
g2	g3	0.02
g7	g1	0.01652
g7	g6	0.013880000000000002
g7	g2	0.01183
g4	g5	0.0102
g6	g7	0.008879999999999999
g6	g3	0.007809999999999999
g4	g6	0.00692
g7	g5	0.00617
