Gene1	Gene2	EdgeWeight
Fgf8	Coup	2.0
Emx2	Coup	2.0
Emx2	Pax6	0.5
Sp8	Coup	0.5
Emx2	Sp8	0.22221999999999997
Emx2	Fgf8	0.125
Coup	Sp8	0.08
Pax6	Sp8	0.08
Sp8	Pax6	0.05555
Coup	Pax6	0.05555
Pax6	Fgf8	0.03125
Pax6	Emx2	0.02
Sp8	Emx2	0.01652
Fgf8	Emx2	0.013880000000000002
Fgf8	Sp8	0.013880000000000002
Fgf8	Pax6	0.01183
Coup	Emx2	0.0102
Coup	Fgf8	0.008879999999999999
Pax6	Coup	0.007809999999999999
Sp8	Fgf8	0.005
